<?xml version="1.0" encoding="UTF-8" standalone="yes"?>
<addon id="service.betaseries.com" name="BetaSeries Agent" version="2.0.0" provider-name="kugan49">
    <requires>
        <import addon="xbmc.python" version="3.0.0" />
        <!-- 0101 pour débug -->
        <!-- <import addon="script.module.web-pdb" /> -->
    </requires>
    <extension point="xbmc.service" library="default.py"/>
    <extension point="xbmc.addon.metadata" name="betaseries.metadata">
        <summary lang="en_US">Synchronization with BetaSeries.com</summary>
        <summary lang="fr_FR">Synchronisation avec BetaSeries.com</summary>
        <description lang="en_US">This service automatically updates your profile on BetaSeries.com when you have finished watching an episode or a movie or just uploaded it in on Kodi</description>
        <description lang="fr_FR">Ce service met à jour automatiquement votre profil sur le site BetaSeries.com lorsque vous venez de finir de regarder un épisode ou un film dans Kodi ou que vous venez de l'ajouter</description>
        <language></language>
        <platform>all</platform>
        <license> GPL-2.0-only</license>
        <website>https://Betaseries.com</website>
        <source>https://github.com/kugan49/Kodi-betaseries</source>
        <news>
	v2.0.0 (2021 02 23)
	  - refactoring for Kodi 19 Matrix
        </news>
        <assets>
            <icon>icon.png</icon>
            <fanart>fanart.png</fanart>
        </assets>
    </extension>
</addon>
