<?xml version="1.0" encoding="UTF-8" standalone="yes"?>
<addon id="service.betaseries.com" name="BetaSeries Agent" version="1.0.14" provider-name="skylex modded by FG">
	<requires>
		<import addon="xbmc.python" version="2.12.0" />
		<import addon="script.module.simplejson" version="2.0.10" />
	</requires>
	<extension point="xbmc.service" library="betaseries.py" start="login" />
	<extension point="xbmc.addon.metadata">
		<summary lang="en">Bi-directional synchronization with BetaSeries.com</summary>
		<summary lang="fr">Bi-directionnel synchronisation avec BetaSeries.com</summary>
		<description lang="en">This service automatically updates your profile on BetaSeries.com when you have finished watching an episode or a movie on Kodi</description>
		<description lang="fr">Ce service synchronise automatiquement votre profil BetaSeries.com et votre base XBMC/Kodi</description>
		<language></language>
		<platform>all</platform>
			<source>https://support.betaseries.com/article/38-les-applications-betaseries</source>
		  <news>
	v1.0.14 (2020/03/30)
	  - add compatibility with Netflix addon
	  - add compatibility with Catchuptv addon
	  - add pseudo compatibility with themoviedb (not recommended)
	  - fix search from title
	  - add some traductions
	  - change to Betaseries API v3.0 
		  </news>	
	</extension>
</addon>
