<?xml version="1.0" encoding="UTF-8" standalone="yes"?>
<addon id="service.betaseries.com" name="BetaSeries Agent" version="1.0.5" provider-name="skylex">
	<requires>
		<import addon="xbmc.python" version="2.12.0" />
		<import addon="script.module.simplejson" version="2.0.10" />
	</requires>
	<extension point="xbmc.service" library="betaseries.py" start="login" />
	<extension point="xbmc.addon.metadata">
		<summary lang="en">Synchronization with BetaSeries.com</summary>
		<summary lang="fr">Synchronisation avec BetaSeries.com</summary>
		<description lang="en">This service automatically updates your profile on BetaSeries.com when you have finished watching an episode on XBMC</description>
		<description lang="fr">Ce service met à jour automatiquement votre profil sur le site BetaSeries.com lorsque vous venez de finir de regarder un épisode dans XBMC</description>
		<language></language>
		<platform>all</platform>
		<source>http://www.betaseries.com/wiki/Plugin%20XBMC</source>
	</extension>
</addon>
