<?xml version="1.0" encoding="UTF-8" standalone="yes"?>
<addon id="service.betaseries.com" name="BetaSeries Agent" version="1.1.0" provider-name="skylex">
	<requires>
		<import addon="xbmc.python" version="3.0.0" />
		<import addon="script.module.simplejson" version="3.17.0" />
	</requires>
	<extension point="xbmc.service" library="betaseries.py" start="login" />
	<extension point="xbmc.addon.metadata">
		<summary lang="en">Synchronization with BetaSeries.com</summary>
		<summary lang="fr">Synchronisation avec BetaSeries.com</summary>
		<description lang="en">This service automatically updates your profile on BetaSeries.com when you have finished watching an episode or a movie on Kodi</description>
		<description lang="fr">Ce service met à jour automatiquement votre profil sur le site BetaSeries.com lorsque vous venez de finir de regarder un épisode ou nu film dans Kodi</description>
		<language></language>
		<platform>all</platform>
		<source>https://github.com/skylex/xbmc-betaseries</source>
	</extension>
</addon>
