<?xml version="1.0" encoding="UTF-8" standalone="yes"?>
<addon id="service.subtitles.betaseries" name="Betaseries" version="1.1.0" provider-name="skylex">
	<requires>
		<import addon="xbmc.python" version="3.0.0"/>
		<import addon="script.module.simplejson" version="3.17.0" />
	</requires>
	<extension point="xbmc.subtitle.module" library="service.py" />
	<extension point="xbmc.addon.metadata">
		<platform>all</platform>
		<summary lang="en">BetaSeries subtitles service</summary>
		<summary lang="fr">Service de sous-titres BetaSeries</summary>
		<description lang="en">Search and download subtitles from BetaSeries.com</description>
		<description lang="fr">Rechercher et télécharger des sous-titres depuis BetaSeries.com</description>
	</extension>
</addon>
