<?xml version="1.0" encoding="UTF-8" standalone="yes"?>
<addon id="repository.betaseries" name="BetaSeries Repository" version="1.0.0" provider-name="skylex">
	<extension point="xbmc.addon.repository" name="BetaSeries Add-on Repository">
		<info compressed="true">https://raw.github.com/skylex/xbmc-betaseries/master/addons.xml</info>
		<checksum>https://raw.github.com/skylex/xbmc-betaseries/master/addons.xml.md5</checksum>
		<datadir zip="true">https://raw.github.com/skylex/xbmc-betaseries/master/</datadir>
	</extension>
	<extension point="xbmc.addon.metadata">
		<summary>BetaSeries Add-on Repository</summary>
		<description>This repository contains the BetaSeries.com add-on for XBMC.</description>
                <disclaimer>If it breaks, you get to keep the pieces</disclaimer>
		<platform>all</platform>
	</extension>
</addon>
