<?xml version="1.0" encoding="UTF-8" standalone="yes"?>
<addon id="service.betaseries.com" name="BetaSeries Agent" version="1.0.13" provider-name="skylex modded by FG">
	<requires>
		<import addon="xbmc.python" version="2.12.0" />
		<import addon="script.module.simplejson" version="2.0.10" />
	</requires>
	<extension point="xbmc.service" library="betaseries.py" start="login" />
	<extension point="xbmc.addon.metadata">
		<summary lang="en">Bi-directional synchronization with BetaSeries.com</summary>
		<summary lang="fr">Bi-directionnel synchronisation avec BetaSeries.com</summary>
		<description lang="en">This service automatically updates your profile on BetaSeries.com when you have finished watching an episode or a movie on Kodi</description>
		<description lang="fr">Ce service synchronise automatiquement votre profil BetaSeries.com et votre base XBMC/Kodi</description>
		<language></language>
		<platform>all</platform>
		<source>http://www.betaseries.com/wiki/Plugin%20XBMC</source>
	</extension>
</addon>
