<?xml version="1.0" encoding="UTF-8" standalone="yes"?>
<addon id="service.subtitles.addic7ed" name="Addic7ed" version="1.0.7" provider-name="skylex">
	<requires>
		<import addon="xbmc.python" version="2.1.0"/>
		<import addon="script.module.beautifulsoup" version="3.2.1"/>
	</requires>
	<extension point="xbmc.subtitle.module" library="service.py" />
	<extension point="xbmc.addon.metadata">
		<platform>all</platform>
		<summary lang="en">Addic7ed subtitles service</summary>
		<summary lang="fr">Service de sous-titres Addic7ed</summary>
		<description lang="en">Search and download subtitles from Addic7ed.com</description>
		<description lang="fr">Rechercher et télécharger des sous-titres depuis Addic7ed.com</description>
	</extension>
</addon>
